{"frames":{"Debout_Blue0001":{"frame":{"x":0,"y":0,"w":232,"h":226},"rotated":false,"trimmed":false,"spriteSourceSize":{"x":0,"y":0,"w":232,"h":226},"sourceSize":{"w":232,"h":226}},"Debout_Blue0002":{"frame":{"x":0,"y":226,"w":232,"h":226},"rotated":false,"trimmed":false,"spriteSourceSize":{"x":0,"y":0,"w":232,"h":226},"sourceSize":{"w":232,"h":226}},"Debout_Blue0003":{"frame":{"x":232,"y":0,"w":232,"h":226},"rotated":false,"trimmed":false,"spriteSourceSize":{"x":0,"y":0,"w":232,"h":226},"sourceSize":{"w":232,"h":226}},"Debout_Blue0004":{"frame":{"x":232,"y":226,"w":232,"h":226},"rotated":false,"trimmed":false,"spriteSourceSize":{"x":0,"y":0,"w":232,"h":226},"sourceSize":{"w":232,"h":226}},"Debout_Blue0005":{"frame":{"x":0,"y":452,"w":232,"h":226},"rotated":false,"trimmed":false,"spriteSourceSize":{"x":0,"y":0,"w":232,"h":226},"sourceSize":{"w":232,"h":226}},"Debout_Blue0006":{"frame":{"x":232,"y":452,"w":232,"h":226},"rotated":false,"trimmed":false,"spriteSourceSize":{"x":0,"y":0,"w":232,"h":226},"sourceSize":{"w":232,"h":226}},"Debout_Blue0007":{"frame":{"x":464,"y":0,"w":232,"h":226},"rotated":false,"trimmed":false,"spriteSourceSize":{"x":0,"y":0,"w":232,"h":226},"sourceSize":{"w":232,"h":226}},"Debout_Blue0008":{"frame":{"x":464,"y":226,"w":232,"h":226},"rotated":false,"trimmed":false,"spriteSourceSize":{"x":0,"y":0,"w":232,"h":226},"sourceSize":{"w":232,"h":226}},"Debout_Blue0009":{"frame":{"x":464,"y":452,"w":232,"h":226},"rotated":false,"trimmed":false,"spriteSourceSize":{"x":0,"y":0,"w":232,"h":226},"sourceSize":{"w":232,"h":226}},"Debout_Blue0010":{"frame":{"x":0,"y":678,"w":232,"h":226},"rotated":false,"trimmed":false,"spriteSourceSize":{"x":0,"y":0,"w":232,"h":226},"sourceSize":{"w":232,"h":226}},"Debout_Blue0011":{"frame":{"x":232,"y":678,"w":232,"h":226},"rotated":false,"trimmed":false,"spriteSourceSize":{"x":0,"y":0,"w":232,"h":226},"sourceSize":{"w":232,"h":226}},"Debout_Blue0012":{"frame":{"x":464,"y":678,"w":232,"h":226},"rotated":false,"trimmed":false,"spriteSourceSize":{"x":0,"y":0,"w":232,"h":226},"sourceSize":{"w":232,"h":226}},"Debout_Blue0013":{"frame":{"x":696,"y":0,"w":232,"h":226},"rotated":false,"trimmed":false,"spriteSourceSize":{"x":0,"y":0,"w":232,"h":226},"sourceSize":{"w":232,"h":226}},"Debout_Blue0014":{"frame":{"x":696,"y":226,"w":232,"h":226},"rotated":false,"trimmed":false,"spriteSourceSize":{"x":0,"y":0,"w":232,"h":226},"sourceSize":{"w":232,"h":226}},"Debout_Blue0015":{"frame":{"x":696,"y":452,"w":232,"h":226},"rotated":false,"trimmed":false,"spriteSourceSize":{"x":0,"y":0,"w":232,"h":226},"sourceSize":{"w":232,"h":226}},"Debout_Blue0016":{"frame":{"x":696,"y":678,"w":232,"h":226},"rotated":false,"trimmed":false,"spriteSourceSize":{"x":0,"y":0,"w":232,"h":226},"sourceSize":{"w":232,"h":226}},"Debout_Blue0017":{"frame":{"x":0,"y":904,"w":232,"h":226},"rotated":false,"trimmed":false,"spriteSourceSize":{"x":0,"y":0,"w":232,"h":226},"sourceSize":{"w":232,"h":226}},"Debout_Blue0018":{"frame":{"x":232,"y":904,"w":232,"h":226},"rotated":false,"trimmed":false,"spriteSourceSize":{"x":0,"y":0,"w":232,"h":226},"sourceSize":{"w":232,"h":226}},"Debout_Blue0019":{"frame":{"x":464,"y":904,"w":232,"h":226},"rotated":false,"trimmed":false,"spriteSourceSize":{"x":0,"y":0,"w":232,"h":226},"sourceSize":{"w":232,"h":226}},"Debout_Blue0020":{"frame":{"x":696,"y":904,"w":232,"h":226},"rotated":false,"trimmed":false,"spriteSourceSize":{"x":0,"y":0,"w":232,"h":226},"sourceSize":{"w":232,"h":226}},"Debout_Blue0021":{"frame":{"x":928,"y":0,"w":232,"h":226},"rotated":false,"trimmed":false,"spriteSourceSize":{"x":0,"y":0,"w":232,"h":226},"sourceSize":{"w":232,"h":226}},"Debout_Blue0022":{"frame":{"x":928,"y":226,"w":232,"h":226},"rotated":false,"trimmed":false,"spriteSourceSize":{"x":0,"y":0,"w":232,"h":226},"sourceSize":{"w":232,"h":226}},"Debout_Blue0023":{"frame":{"x":928,"y":452,"w":232,"h":226},"rotated":false,"trimmed":false,"spriteSourceSize":{"x":0,"y":0,"w":232,"h":226},"sourceSize":{"w":232,"h":226}},"Debout_Blue0024":{"frame":{"x":928,"y":678,"w":232,"h":226},"rotated":false,"trimmed":false,"spriteSourceSize":{"x":0,"y":0,"w":232,"h":226},"sourceSize":{"w":232,"h":226}},"Debout_Blue0025":{"frame":{"x":928,"y":904,"w":232,"h":226},"rotated":false,"trimmed":false,"spriteSourceSize":{"x":0,"y":0,"w":232,"h":226},"sourceSize":{"w":232,"h":226}},"Debout_Blue0026":{"frame":{"x":0,"y":1130,"w":232,"h":226},"rotated":false,"trimmed":false,"spriteSourceSize":{"x":0,"y":0,"w":232,"h":226},"sourceSize":{"w":232,"h":226}},"Debout_Blue0027":{"frame":{"x":232,"y":1130,"w":232,"h":226},"rotated":false,"trimmed":false,"spriteSourceSize":{"x":0,"y":0,"w":232,"h":226},"sourceSize":{"w":232,"h":226}},"Debout_Blue0028":{"frame":{"x":464,"y":1130,"w":232,"h":226},"rotated":false,"trimmed":false,"spriteSourceSize":{"x":0,"y":0,"w":232,"h":226},"sourceSize":{"w":232,"h":226}},"Debout_Blue0029":{"frame":{"x":696,"y":1130,"w":232,"h":226},"rotated":false,"trimmed":false,"spriteSourceSize":{"x":0,"y":0,"w":232,"h":226},"sourceSize":{"w":232,"h":226}},"Debout_Blue0030":{"frame":{"x":928,"y":1130,"w":232,"h":226},"rotated":false,"trimmed":false,"spriteSourceSize":{"x":0,"y":0,"w":232,"h":226},"sourceSize":{"w":232,"h":226}},"Debout_Blue0031":{"frame":{"x":1160,"y":0,"w":232,"h":226},"rotated":false,"trimmed":false,"spriteSourceSize":{"x":0,"y":0,"w":232,"h":226},"sourceSize":{"w":232,"h":226}},"Debout_Blue0032":{"frame":{"x":1160,"y":226,"w":232,"h":226},"rotated":false,"trimmed":false,"spriteSourceSize":{"x":0,"y":0,"w":232,"h":226},"sourceSize":{"w":232,"h":226}},"Debout_Blue0033":{"frame":{"x":1160,"y":452,"w":232,"h":226},"rotated":false,"trimmed":false,"spriteSourceSize":{"x":0,"y":0,"w":232,"h":226},"sourceSize":{"w":232,"h":226}},"Debout_Blue0034":{"frame":{"x":1160,"y":678,"w":232,"h":226},"rotated":false,"trimmed":false,"spriteSourceSize":{"x":0,"y":0,"w":232,"h":226},"sourceSize":{"w":232,"h":226}},"Debout_Blue0035":{"frame":{"x":1160,"y":904,"w":232,"h":226},"rotated":false,"trimmed":false,"spriteSourceSize":{"x":0,"y":0,"w":232,"h":226},"sourceSize":{"w":232,"h":226}},"Debout_Blue0036":{"frame":{"x":1160,"y":1130,"w":232,"h":226},"rotated":false,"trimmed":false,"spriteSourceSize":{"x":0,"y":0,"w":232,"h":226},"sourceSize":{"w":232,"h":226}},"Debout_Blue0037":{"frame":{"x":0,"y":1356,"w":232,"h":226},"rotated":false,"trimmed":false,"spriteSourceSize":{"x":0,"y":0,"w":232,"h":226},"sourceSize":{"w":232,"h":226}},"Debout_Blue0038":{"frame":{"x":232,"y":1356,"w":232,"h":226},"rotated":false,"trimmed":false,"spriteSourceSize":{"x":0,"y":0,"w":232,"h":226},"sourceSize":{"w":232,"h":226}},"Debout_Blue0039":{"frame":{"x":464,"y":1356,"w":232,"h":226},"rotated":false,"trimmed":false,"spriteSourceSize":{"x":0,"y":0,"w":232,"h":226},"sourceSize":{"w":232,"h":226}},"Debout_Blue0040":{"frame":{"x":696,"y":1356,"w":232,"h":226},"rotated":false,"trimmed":false,"spriteSourceSize":{"x":0,"y":0,"w":232,"h":226},"sourceSize":{"w":232,"h":226}},"Debout_Blue0041":{"frame":{"x":928,"y":1356,"w":232,"h":226},"rotated":false,"trimmed":false,"spriteSourceSize":{"x":0,"y":0,"w":232,"h":226},"sourceSize":{"w":232,"h":226}},"Debout_Blue0042":{"frame":{"x":1160,"y":1356,"w":232,"h":226},"rotated":false,"trimmed":false,"spriteSourceSize":{"x":0,"y":0,"w":232,"h":226},"sourceSize":{"w":232,"h":226}},"Debout_Blue0043":{"frame":{"x":1392,"y":0,"w":232,"h":226},"rotated":false,"trimmed":false,"spriteSourceSize":{"x":0,"y":0,"w":232,"h":226},"sourceSize":{"w":232,"h":226}},"Debout_Blue0044":{"frame":{"x":1392,"y":226,"w":232,"h":226},"rotated":false,"trimmed":false,"spriteSourceSize":{"x":0,"y":0,"w":232,"h":226},"sourceSize":{"w":232,"h":226}},"Debout_Blue0045":{"frame":{"x":1392,"y":452,"w":232,"h":226},"rotated":false,"trimmed":false,"spriteSourceSize":{"x":0,"y":0,"w":232,"h":226},"sourceSize":{"w":232,"h":226}},"Debout_Blue0046":{"frame":{"x":1392,"y":678,"w":232,"h":226},"rotated":false,"trimmed":false,"spriteSourceSize":{"x":0,"y":0,"w":232,"h":226},"sourceSize":{"w":232,"h":226}},"Debout_Blue0047":{"frame":{"x":1392,"y":904,"w":232,"h":226},"rotated":false,"trimmed":false,"spriteSourceSize":{"x":0,"y":0,"w":232,"h":226},"sourceSize":{"w":232,"h":226}},"Debout_Blue0048":{"frame":{"x":1392,"y":1130,"w":232,"h":226},"rotated":false,"trimmed":false,"spriteSourceSize":{"x":0,"y":0,"w":232,"h":226},"sourceSize":{"w":232,"h":226}},"Debout_Blue0049":{"frame":{"x":1392,"y":1356,"w":232,"h":226},"rotated":false,"trimmed":false,"spriteSourceSize":{"x":0,"y":0,"w":232,"h":226},"sourceSize":{"w":232,"h":226}},"Debout_Blue0050":{"frame":{"x":0,"y":1582,"w":232,"h":226},"rotated":false,"trimmed":false,"spriteSourceSize":{"x":0,"y":0,"w":232,"h":226},"sourceSize":{"w":232,"h":226}},"Debout_Blue0051":{"frame":{"x":232,"y":1582,"w":232,"h":226},"rotated":false,"trimmed":false,"spriteSourceSize":{"x":0,"y":0,"w":232,"h":226},"sourceSize":{"w":232,"h":226}},"Debout_Blue0052":{"frame":{"x":464,"y":1582,"w":232,"h":226},"rotated":false,"trimmed":false,"spriteSourceSize":{"x":0,"y":0,"w":232,"h":226},"sourceSize":{"w":232,"h":226}}},"meta":{"app":"https://www.leshylabs.com/apps/sstool/","version":"Leshy SpriteSheet Tool v0.8.4","image":"blue_idle.png","size":{"w":1624,"h":1808},"scale":1}}