{"frames":{"Debout_Red0001":{"frame":{"x":0,"y":0,"w":232,"h":226},"rotated":false,"trimmed":false,"spriteSourceSize":{"x":0,"y":0,"w":232,"h":226},"sourceSize":{"w":232,"h":226}},"Debout_Red0002":{"frame":{"x":0,"y":226,"w":232,"h":226},"rotated":false,"trimmed":false,"spriteSourceSize":{"x":0,"y":0,"w":232,"h":226},"sourceSize":{"w":232,"h":226}},"Debout_Red0003":{"frame":{"x":232,"y":0,"w":232,"h":226},"rotated":false,"trimmed":false,"spriteSourceSize":{"x":0,"y":0,"w":232,"h":226},"sourceSize":{"w":232,"h":226}},"Debout_Red0004":{"frame":{"x":232,"y":226,"w":232,"h":226},"rotated":false,"trimmed":false,"spriteSourceSize":{"x":0,"y":0,"w":232,"h":226},"sourceSize":{"w":232,"h":226}},"Debout_Red0005":{"frame":{"x":0,"y":452,"w":232,"h":226},"rotated":false,"trimmed":false,"spriteSourceSize":{"x":0,"y":0,"w":232,"h":226},"sourceSize":{"w":232,"h":226}},"Debout_Red0006":{"frame":{"x":232,"y":452,"w":232,"h":226},"rotated":false,"trimmed":false,"spriteSourceSize":{"x":0,"y":0,"w":232,"h":226},"sourceSize":{"w":232,"h":226}},"Debout_Red0007":{"frame":{"x":464,"y":0,"w":232,"h":226},"rotated":false,"trimmed":false,"spriteSourceSize":{"x":0,"y":0,"w":232,"h":226},"sourceSize":{"w":232,"h":226}},"Debout_Red0008":{"frame":{"x":464,"y":226,"w":232,"h":226},"rotated":false,"trimmed":false,"spriteSourceSize":{"x":0,"y":0,"w":232,"h":226},"sourceSize":{"w":232,"h":226}},"Debout_Red0009":{"frame":{"x":464,"y":452,"w":232,"h":226},"rotated":false,"trimmed":false,"spriteSourceSize":{"x":0,"y":0,"w":232,"h":226},"sourceSize":{"w":232,"h":226}},"Debout_Red0010":{"frame":{"x":0,"y":678,"w":232,"h":226},"rotated":false,"trimmed":false,"spriteSourceSize":{"x":0,"y":0,"w":232,"h":226},"sourceSize":{"w":232,"h":226}},"Debout_Red0011":{"frame":{"x":232,"y":678,"w":232,"h":226},"rotated":false,"trimmed":false,"spriteSourceSize":{"x":0,"y":0,"w":232,"h":226},"sourceSize":{"w":232,"h":226}},"Debout_Red0012":{"frame":{"x":464,"y":678,"w":232,"h":226},"rotated":false,"trimmed":false,"spriteSourceSize":{"x":0,"y":0,"w":232,"h":226},"sourceSize":{"w":232,"h":226}},"Debout_Red0013":{"frame":{"x":696,"y":0,"w":232,"h":226},"rotated":false,"trimmed":false,"spriteSourceSize":{"x":0,"y":0,"w":232,"h":226},"sourceSize":{"w":232,"h":226}},"Debout_Red0014":{"frame":{"x":696,"y":226,"w":232,"h":226},"rotated":false,"trimmed":false,"spriteSourceSize":{"x":0,"y":0,"w":232,"h":226},"sourceSize":{"w":232,"h":226}},"Debout_Red0015":{"frame":{"x":696,"y":452,"w":232,"h":226},"rotated":false,"trimmed":false,"spriteSourceSize":{"x":0,"y":0,"w":232,"h":226},"sourceSize":{"w":232,"h":226}},"Debout_Red0016":{"frame":{"x":696,"y":678,"w":232,"h":226},"rotated":false,"trimmed":false,"spriteSourceSize":{"x":0,"y":0,"w":232,"h":226},"sourceSize":{"w":232,"h":226}},"Debout_Red0017":{"frame":{"x":0,"y":904,"w":232,"h":226},"rotated":false,"trimmed":false,"spriteSourceSize":{"x":0,"y":0,"w":232,"h":226},"sourceSize":{"w":232,"h":226}},"Debout_Red0018":{"frame":{"x":232,"y":904,"w":232,"h":226},"rotated":false,"trimmed":false,"spriteSourceSize":{"x":0,"y":0,"w":232,"h":226},"sourceSize":{"w":232,"h":226}},"Debout_Red0019":{"frame":{"x":464,"y":904,"w":232,"h":226},"rotated":false,"trimmed":false,"spriteSourceSize":{"x":0,"y":0,"w":232,"h":226},"sourceSize":{"w":232,"h":226}},"Debout_Red0020":{"frame":{"x":696,"y":904,"w":232,"h":226},"rotated":false,"trimmed":false,"spriteSourceSize":{"x":0,"y":0,"w":232,"h":226},"sourceSize":{"w":232,"h":226}},"Debout_Red0021":{"frame":{"x":928,"y":0,"w":232,"h":226},"rotated":false,"trimmed":false,"spriteSourceSize":{"x":0,"y":0,"w":232,"h":226},"sourceSize":{"w":232,"h":226}},"Debout_Red0022":{"frame":{"x":928,"y":226,"w":232,"h":226},"rotated":false,"trimmed":false,"spriteSourceSize":{"x":0,"y":0,"w":232,"h":226},"sourceSize":{"w":232,"h":226}},"Debout_Red0023":{"frame":{"x":928,"y":452,"w":232,"h":226},"rotated":false,"trimmed":false,"spriteSourceSize":{"x":0,"y":0,"w":232,"h":226},"sourceSize":{"w":232,"h":226}},"Debout_Red0024":{"frame":{"x":928,"y":678,"w":232,"h":226},"rotated":false,"trimmed":false,"spriteSourceSize":{"x":0,"y":0,"w":232,"h":226},"sourceSize":{"w":232,"h":226}},"Debout_Red0025":{"frame":{"x":928,"y":904,"w":232,"h":226},"rotated":false,"trimmed":false,"spriteSourceSize":{"x":0,"y":0,"w":232,"h":226},"sourceSize":{"w":232,"h":226}},"Debout_Red0026":{"frame":{"x":0,"y":1130,"w":232,"h":226},"rotated":false,"trimmed":false,"spriteSourceSize":{"x":0,"y":0,"w":232,"h":226},"sourceSize":{"w":232,"h":226}},"Debout_Red0027":{"frame":{"x":232,"y":1130,"w":232,"h":226},"rotated":false,"trimmed":false,"spriteSourceSize":{"x":0,"y":0,"w":232,"h":226},"sourceSize":{"w":232,"h":226}},"Debout_Red0028":{"frame":{"x":464,"y":1130,"w":232,"h":226},"rotated":false,"trimmed":false,"spriteSourceSize":{"x":0,"y":0,"w":232,"h":226},"sourceSize":{"w":232,"h":226}},"Debout_Red0029":{"frame":{"x":696,"y":1130,"w":232,"h":226},"rotated":false,"trimmed":false,"spriteSourceSize":{"x":0,"y":0,"w":232,"h":226},"sourceSize":{"w":232,"h":226}},"Debout_Red0030":{"frame":{"x":928,"y":1130,"w":232,"h":226},"rotated":false,"trimmed":false,"spriteSourceSize":{"x":0,"y":0,"w":232,"h":226},"sourceSize":{"w":232,"h":226}},"Debout_Red0031":{"frame":{"x":1160,"y":0,"w":232,"h":226},"rotated":false,"trimmed":false,"spriteSourceSize":{"x":0,"y":0,"w":232,"h":226},"sourceSize":{"w":232,"h":226}},"Debout_Red0032":{"frame":{"x":1160,"y":226,"w":232,"h":226},"rotated":false,"trimmed":false,"spriteSourceSize":{"x":0,"y":0,"w":232,"h":226},"sourceSize":{"w":232,"h":226}},"Debout_Red0033":{"frame":{"x":1160,"y":452,"w":232,"h":226},"rotated":false,"trimmed":false,"spriteSourceSize":{"x":0,"y":0,"w":232,"h":226},"sourceSize":{"w":232,"h":226}},"Debout_Red0034":{"frame":{"x":1160,"y":678,"w":232,"h":226},"rotated":false,"trimmed":false,"spriteSourceSize":{"x":0,"y":0,"w":232,"h":226},"sourceSize":{"w":232,"h":226}},"Debout_Red0035":{"frame":{"x":1160,"y":904,"w":232,"h":226},"rotated":false,"trimmed":false,"spriteSourceSize":{"x":0,"y":0,"w":232,"h":226},"sourceSize":{"w":232,"h":226}},"Debout_Red0036":{"frame":{"x":1160,"y":1130,"w":232,"h":226},"rotated":false,"trimmed":false,"spriteSourceSize":{"x":0,"y":0,"w":232,"h":226},"sourceSize":{"w":232,"h":226}},"Debout_Red0037":{"frame":{"x":0,"y":1356,"w":232,"h":226},"rotated":false,"trimmed":false,"spriteSourceSize":{"x":0,"y":0,"w":232,"h":226},"sourceSize":{"w":232,"h":226}},"Debout_Red0038":{"frame":{"x":232,"y":1356,"w":232,"h":226},"rotated":false,"trimmed":false,"spriteSourceSize":{"x":0,"y":0,"w":232,"h":226},"sourceSize":{"w":232,"h":226}},"Debout_Red0039":{"frame":{"x":464,"y":1356,"w":232,"h":226},"rotated":false,"trimmed":false,"spriteSourceSize":{"x":0,"y":0,"w":232,"h":226},"sourceSize":{"w":232,"h":226}},"Debout_Red0040":{"frame":{"x":696,"y":1356,"w":232,"h":226},"rotated":false,"trimmed":false,"spriteSourceSize":{"x":0,"y":0,"w":232,"h":226},"sourceSize":{"w":232,"h":226}},"Debout_Red0041":{"frame":{"x":928,"y":1356,"w":232,"h":226},"rotated":false,"trimmed":false,"spriteSourceSize":{"x":0,"y":0,"w":232,"h":226},"sourceSize":{"w":232,"h":226}},"Debout_Red0042":{"frame":{"x":1160,"y":1356,"w":232,"h":226},"rotated":false,"trimmed":false,"spriteSourceSize":{"x":0,"y":0,"w":232,"h":226},"sourceSize":{"w":232,"h":226}},"Debout_Red0043":{"frame":{"x":1392,"y":0,"w":232,"h":226},"rotated":false,"trimmed":false,"spriteSourceSize":{"x":0,"y":0,"w":232,"h":226},"sourceSize":{"w":232,"h":226}},"Debout_Red0044":{"frame":{"x":1392,"y":226,"w":232,"h":226},"rotated":false,"trimmed":false,"spriteSourceSize":{"x":0,"y":0,"w":232,"h":226},"sourceSize":{"w":232,"h":226}},"Debout_Red0045":{"frame":{"x":1392,"y":452,"w":232,"h":226},"rotated":false,"trimmed":false,"spriteSourceSize":{"x":0,"y":0,"w":232,"h":226},"sourceSize":{"w":232,"h":226}},"Debout_Red0046":{"frame":{"x":1392,"y":678,"w":232,"h":226},"rotated":false,"trimmed":false,"spriteSourceSize":{"x":0,"y":0,"w":232,"h":226},"sourceSize":{"w":232,"h":226}},"Debout_Red0047":{"frame":{"x":1392,"y":904,"w":232,"h":226},"rotated":false,"trimmed":false,"spriteSourceSize":{"x":0,"y":0,"w":232,"h":226},"sourceSize":{"w":232,"h":226}},"Debout_Red0048":{"frame":{"x":1392,"y":1130,"w":232,"h":226},"rotated":false,"trimmed":false,"spriteSourceSize":{"x":0,"y":0,"w":232,"h":226},"sourceSize":{"w":232,"h":226}},"Debout_Red0049":{"frame":{"x":1392,"y":1356,"w":232,"h":226},"rotated":false,"trimmed":false,"spriteSourceSize":{"x":0,"y":0,"w":232,"h":226},"sourceSize":{"w":232,"h":226}},"Debout_Red0050":{"frame":{"x":0,"y":1582,"w":232,"h":226},"rotated":false,"trimmed":false,"spriteSourceSize":{"x":0,"y":0,"w":232,"h":226},"sourceSize":{"w":232,"h":226}},"Debout_Red0051":{"frame":{"x":232,"y":1582,"w":232,"h":226},"rotated":false,"trimmed":false,"spriteSourceSize":{"x":0,"y":0,"w":232,"h":226},"sourceSize":{"w":232,"h":226}},"Debout_Red0052":{"frame":{"x":464,"y":1582,"w":232,"h":226},"rotated":false,"trimmed":false,"spriteSourceSize":{"x":0,"y":0,"w":232,"h":226},"sourceSize":{"w":232,"h":226}}},"meta":{"app":"https://www.leshylabs.com/apps/sstool/","version":"Leshy SpriteSheet Tool v0.8.4","image":"debout_small.png","size":{"w":1624,"h":1808},"scale":1}}