{"frames":{"Dort_Red0001":{"frame":{"x":0,"y":0,"w":248,"h":234},"rotated":false,"trimmed":false,"spriteSourceSize":{"x":0,"y":0,"w":248,"h":234},"sourceSize":{"w":248,"h":234}},"Dort_Red0003":{"frame":{"x":0,"y":234,"w":248,"h":234},"rotated":false,"trimmed":false,"spriteSourceSize":{"x":0,"y":0,"w":248,"h":234},"sourceSize":{"w":248,"h":234}},"Dort_Red0005":{"frame":{"x":248,"y":0,"w":248,"h":234},"rotated":false,"trimmed":false,"spriteSourceSize":{"x":0,"y":0,"w":248,"h":234},"sourceSize":{"w":248,"h":234}},"Dort_Red0007":{"frame":{"x":248,"y":234,"w":248,"h":234},"rotated":false,"trimmed":false,"spriteSourceSize":{"x":0,"y":0,"w":248,"h":234},"sourceSize":{"w":248,"h":234}},"Dort_Red0009":{"frame":{"x":0,"y":468,"w":248,"h":234},"rotated":false,"trimmed":false,"spriteSourceSize":{"x":0,"y":0,"w":248,"h":234},"sourceSize":{"w":248,"h":234}},"Dort_Red0011":{"frame":{"x":248,"y":468,"w":248,"h":234},"rotated":false,"trimmed":false,"spriteSourceSize":{"x":0,"y":0,"w":248,"h":234},"sourceSize":{"w":248,"h":234}},"Dort_Red0013":{"frame":{"x":496,"y":0,"w":248,"h":234},"rotated":false,"trimmed":false,"spriteSourceSize":{"x":0,"y":0,"w":248,"h":234},"sourceSize":{"w":248,"h":234}},"Dort_Red0015":{"frame":{"x":496,"y":234,"w":248,"h":234},"rotated":false,"trimmed":false,"spriteSourceSize":{"x":0,"y":0,"w":248,"h":234},"sourceSize":{"w":248,"h":234}},"Dort_Red0017":{"frame":{"x":496,"y":468,"w":248,"h":234},"rotated":false,"trimmed":false,"spriteSourceSize":{"x":0,"y":0,"w":248,"h":234},"sourceSize":{"w":248,"h":234}},"Dort_Red0019":{"frame":{"x":0,"y":702,"w":248,"h":234},"rotated":false,"trimmed":false,"spriteSourceSize":{"x":0,"y":0,"w":248,"h":234},"sourceSize":{"w":248,"h":234}},"Dort_Red0021":{"frame":{"x":248,"y":702,"w":248,"h":234},"rotated":false,"trimmed":false,"spriteSourceSize":{"x":0,"y":0,"w":248,"h":234},"sourceSize":{"w":248,"h":234}},"Dort_Red0023":{"frame":{"x":496,"y":702,"w":248,"h":234},"rotated":false,"trimmed":false,"spriteSourceSize":{"x":0,"y":0,"w":248,"h":234},"sourceSize":{"w":248,"h":234}},"Dort_Red0025":{"frame":{"x":744,"y":0,"w":248,"h":234},"rotated":false,"trimmed":false,"spriteSourceSize":{"x":0,"y":0,"w":248,"h":234},"sourceSize":{"w":248,"h":234}},"Dort_Red0027":{"frame":{"x":744,"y":234,"w":248,"h":234},"rotated":false,"trimmed":false,"spriteSourceSize":{"x":0,"y":0,"w":248,"h":234},"sourceSize":{"w":248,"h":234}},"Dort_Red0029":{"frame":{"x":744,"y":468,"w":248,"h":234},"rotated":false,"trimmed":false,"spriteSourceSize":{"x":0,"y":0,"w":248,"h":234},"sourceSize":{"w":248,"h":234}},"Dort_Red0031":{"frame":{"x":744,"y":702,"w":248,"h":234},"rotated":false,"trimmed":false,"spriteSourceSize":{"x":0,"y":0,"w":248,"h":234},"sourceSize":{"w":248,"h":234}},"Dort_Red0033":{"frame":{"x":0,"y":936,"w":248,"h":234},"rotated":false,"trimmed":false,"spriteSourceSize":{"x":0,"y":0,"w":248,"h":234},"sourceSize":{"w":248,"h":234}},"Dort_Red0035":{"frame":{"x":248,"y":936,"w":248,"h":234},"rotated":false,"trimmed":false,"spriteSourceSize":{"x":0,"y":0,"w":248,"h":234},"sourceSize":{"w":248,"h":234}},"Dort_Red0037":{"frame":{"x":496,"y":936,"w":248,"h":234},"rotated":false,"trimmed":false,"spriteSourceSize":{"x":0,"y":0,"w":248,"h":234},"sourceSize":{"w":248,"h":234}},"Dort_Red0039":{"frame":{"x":744,"y":936,"w":248,"h":234},"rotated":false,"trimmed":false,"spriteSourceSize":{"x":0,"y":0,"w":248,"h":234},"sourceSize":{"w":248,"h":234}},"Dort_Red0041":{"frame":{"x":992,"y":0,"w":248,"h":234},"rotated":false,"trimmed":false,"spriteSourceSize":{"x":0,"y":0,"w":248,"h":234},"sourceSize":{"w":248,"h":234}},"Dort_Red0043":{"frame":{"x":992,"y":234,"w":248,"h":234},"rotated":false,"trimmed":false,"spriteSourceSize":{"x":0,"y":0,"w":248,"h":234},"sourceSize":{"w":248,"h":234}},"Dort_Red0045":{"frame":{"x":992,"y":468,"w":248,"h":234},"rotated":false,"trimmed":false,"spriteSourceSize":{"x":0,"y":0,"w":248,"h":234},"sourceSize":{"w":248,"h":234}},"Dort_Red0047":{"frame":{"x":992,"y":702,"w":248,"h":234},"rotated":false,"trimmed":false,"spriteSourceSize":{"x":0,"y":0,"w":248,"h":234},"sourceSize":{"w":248,"h":234}},"Dort_Red0049":{"frame":{"x":992,"y":936,"w":248,"h":234},"rotated":false,"trimmed":false,"spriteSourceSize":{"x":0,"y":0,"w":248,"h":234},"sourceSize":{"w":248,"h":234}},"Dort_Red0051":{"frame":{"x":0,"y":1170,"w":248,"h":234},"rotated":false,"trimmed":false,"spriteSourceSize":{"x":0,"y":0,"w":248,"h":234},"sourceSize":{"w":248,"h":234}},"Dort_Red0053":{"frame":{"x":248,"y":1170,"w":248,"h":234},"rotated":false,"trimmed":false,"spriteSourceSize":{"x":0,"y":0,"w":248,"h":234},"sourceSize":{"w":248,"h":234}},"Dort_Red0055":{"frame":{"x":496,"y":1170,"w":248,"h":234},"rotated":false,"trimmed":false,"spriteSourceSize":{"x":0,"y":0,"w":248,"h":234},"sourceSize":{"w":248,"h":234}},"Dort_Red0057":{"frame":{"x":744,"y":1170,"w":248,"h":234},"rotated":false,"trimmed":false,"spriteSourceSize":{"x":0,"y":0,"w":248,"h":234},"sourceSize":{"w":248,"h":234}},"Dort_Red0059":{"frame":{"x":992,"y":1170,"w":248,"h":234},"rotated":false,"trimmed":false,"spriteSourceSize":{"x":0,"y":0,"w":248,"h":234},"sourceSize":{"w":248,"h":234}},"Dort_Red0061":{"frame":{"x":1240,"y":0,"w":248,"h":234},"rotated":false,"trimmed":false,"spriteSourceSize":{"x":0,"y":0,"w":248,"h":234},"sourceSize":{"w":248,"h":234}},"Dort_Red0063":{"frame":{"x":1240,"y":234,"w":248,"h":234},"rotated":false,"trimmed":false,"spriteSourceSize":{"x":0,"y":0,"w":248,"h":234},"sourceSize":{"w":248,"h":234}},"Dort_Red0065":{"frame":{"x":1240,"y":468,"w":248,"h":234},"rotated":false,"trimmed":false,"spriteSourceSize":{"x":0,"y":0,"w":248,"h":234},"sourceSize":{"w":248,"h":234}},"Dort_Red0067":{"frame":{"x":1240,"y":702,"w":248,"h":234},"rotated":false,"trimmed":false,"spriteSourceSize":{"x":0,"y":0,"w":248,"h":234},"sourceSize":{"w":248,"h":234}},"Dort_Red0069":{"frame":{"x":1240,"y":936,"w":248,"h":234},"rotated":false,"trimmed":false,"spriteSourceSize":{"x":0,"y":0,"w":248,"h":234},"sourceSize":{"w":248,"h":234}}},"meta":{"app":"https://www.leshylabs.com/apps/sstool/","version":"Leshy SpriteSheet Tool v0.8.4","image":"sleep_red.png","size":{"w":1488,"h":1404},"scale":1}}