{"frames":{"Dort_BLUE0001":{"frame":{"x":0,"y":0,"w":248,"h":234},"rotated":false,"trimmed":false,"spriteSourceSize":{"x":0,"y":0,"w":248,"h":234},"sourceSize":{"w":248,"h":234}},"Dort_BLUE0003":{"frame":{"x":0,"y":234,"w":248,"h":234},"rotated":false,"trimmed":false,"spriteSourceSize":{"x":0,"y":0,"w":248,"h":234},"sourceSize":{"w":248,"h":234}},"Dort_BLUE0005":{"frame":{"x":248,"y":0,"w":248,"h":234},"rotated":false,"trimmed":false,"spriteSourceSize":{"x":0,"y":0,"w":248,"h":234},"sourceSize":{"w":248,"h":234}},"Dort_BLUE0007":{"frame":{"x":248,"y":234,"w":248,"h":234},"rotated":false,"trimmed":false,"spriteSourceSize":{"x":0,"y":0,"w":248,"h":234},"sourceSize":{"w":248,"h":234}},"Dort_BLUE0009":{"frame":{"x":0,"y":468,"w":248,"h":234},"rotated":false,"trimmed":false,"spriteSourceSize":{"x":0,"y":0,"w":248,"h":234},"sourceSize":{"w":248,"h":234}},"Dort_BLUE0011":{"frame":{"x":248,"y":468,"w":248,"h":234},"rotated":false,"trimmed":false,"spriteSourceSize":{"x":0,"y":0,"w":248,"h":234},"sourceSize":{"w":248,"h":234}},"Dort_BLUE0013":{"frame":{"x":496,"y":0,"w":248,"h":234},"rotated":false,"trimmed":false,"spriteSourceSize":{"x":0,"y":0,"w":248,"h":234},"sourceSize":{"w":248,"h":234}},"Dort_BLUE0015":{"frame":{"x":496,"y":234,"w":248,"h":234},"rotated":false,"trimmed":false,"spriteSourceSize":{"x":0,"y":0,"w":248,"h":234},"sourceSize":{"w":248,"h":234}},"Dort_BLUE0017":{"frame":{"x":496,"y":468,"w":248,"h":234},"rotated":false,"trimmed":false,"spriteSourceSize":{"x":0,"y":0,"w":248,"h":234},"sourceSize":{"w":248,"h":234}},"Dort_BLUE0019":{"frame":{"x":0,"y":702,"w":248,"h":234},"rotated":false,"trimmed":false,"spriteSourceSize":{"x":0,"y":0,"w":248,"h":234},"sourceSize":{"w":248,"h":234}},"Dort_BLUE0021":{"frame":{"x":248,"y":702,"w":248,"h":234},"rotated":false,"trimmed":false,"spriteSourceSize":{"x":0,"y":0,"w":248,"h":234},"sourceSize":{"w":248,"h":234}},"Dort_BLUE0023":{"frame":{"x":496,"y":702,"w":248,"h":234},"rotated":false,"trimmed":false,"spriteSourceSize":{"x":0,"y":0,"w":248,"h":234},"sourceSize":{"w":248,"h":234}},"Dort_BLUE0025":{"frame":{"x":744,"y":0,"w":248,"h":234},"rotated":false,"trimmed":false,"spriteSourceSize":{"x":0,"y":0,"w":248,"h":234},"sourceSize":{"w":248,"h":234}},"Dort_BLUE0027":{"frame":{"x":744,"y":234,"w":248,"h":234},"rotated":false,"trimmed":false,"spriteSourceSize":{"x":0,"y":0,"w":248,"h":234},"sourceSize":{"w":248,"h":234}},"Dort_BLUE0029":{"frame":{"x":744,"y":468,"w":248,"h":234},"rotated":false,"trimmed":false,"spriteSourceSize":{"x":0,"y":0,"w":248,"h":234},"sourceSize":{"w":248,"h":234}},"Dort_BLUE0031":{"frame":{"x":744,"y":702,"w":248,"h":234},"rotated":false,"trimmed":false,"spriteSourceSize":{"x":0,"y":0,"w":248,"h":234},"sourceSize":{"w":248,"h":234}},"Dort_BLUE0033":{"frame":{"x":0,"y":936,"w":248,"h":234},"rotated":false,"trimmed":false,"spriteSourceSize":{"x":0,"y":0,"w":248,"h":234},"sourceSize":{"w":248,"h":234}},"Dort_BLUE0035":{"frame":{"x":248,"y":936,"w":248,"h":234},"rotated":false,"trimmed":false,"spriteSourceSize":{"x":0,"y":0,"w":248,"h":234},"sourceSize":{"w":248,"h":234}},"Dort_BLUE0037":{"frame":{"x":496,"y":936,"w":248,"h":234},"rotated":false,"trimmed":false,"spriteSourceSize":{"x":0,"y":0,"w":248,"h":234},"sourceSize":{"w":248,"h":234}},"Dort_BLUE0039":{"frame":{"x":744,"y":936,"w":248,"h":234},"rotated":false,"trimmed":false,"spriteSourceSize":{"x":0,"y":0,"w":248,"h":234},"sourceSize":{"w":248,"h":234}},"Dort_BLUE0041":{"frame":{"x":992,"y":0,"w":248,"h":234},"rotated":false,"trimmed":false,"spriteSourceSize":{"x":0,"y":0,"w":248,"h":234},"sourceSize":{"w":248,"h":234}},"Dort_BLUE0043":{"frame":{"x":992,"y":234,"w":248,"h":234},"rotated":false,"trimmed":false,"spriteSourceSize":{"x":0,"y":0,"w":248,"h":234},"sourceSize":{"w":248,"h":234}},"Dort_BLUE0045":{"frame":{"x":992,"y":468,"w":248,"h":234},"rotated":false,"trimmed":false,"spriteSourceSize":{"x":0,"y":0,"w":248,"h":234},"sourceSize":{"w":248,"h":234}},"Dort_BLUE0047":{"frame":{"x":992,"y":702,"w":248,"h":234},"rotated":false,"trimmed":false,"spriteSourceSize":{"x":0,"y":0,"w":248,"h":234},"sourceSize":{"w":248,"h":234}},"Dort_BLUE0049":{"frame":{"x":992,"y":936,"w":248,"h":234},"rotated":false,"trimmed":false,"spriteSourceSize":{"x":0,"y":0,"w":248,"h":234},"sourceSize":{"w":248,"h":234}},"Dort_BLUE0051":{"frame":{"x":0,"y":1170,"w":248,"h":234},"rotated":false,"trimmed":false,"spriteSourceSize":{"x":0,"y":0,"w":248,"h":234},"sourceSize":{"w":248,"h":234}},"Dort_BLUE0053":{"frame":{"x":248,"y":1170,"w":248,"h":234},"rotated":false,"trimmed":false,"spriteSourceSize":{"x":0,"y":0,"w":248,"h":234},"sourceSize":{"w":248,"h":234}},"Dort_BLUE0055":{"frame":{"x":496,"y":1170,"w":248,"h":234},"rotated":false,"trimmed":false,"spriteSourceSize":{"x":0,"y":0,"w":248,"h":234},"sourceSize":{"w":248,"h":234}},"Dort_BLUE0057":{"frame":{"x":744,"y":1170,"w":248,"h":234},"rotated":false,"trimmed":false,"spriteSourceSize":{"x":0,"y":0,"w":248,"h":234},"sourceSize":{"w":248,"h":234}},"Dort_BLUE0059":{"frame":{"x":992,"y":1170,"w":248,"h":234},"rotated":false,"trimmed":false,"spriteSourceSize":{"x":0,"y":0,"w":248,"h":234},"sourceSize":{"w":248,"h":234}},"Dort_BLUE0061":{"frame":{"x":1240,"y":0,"w":248,"h":234},"rotated":false,"trimmed":false,"spriteSourceSize":{"x":0,"y":0,"w":248,"h":234},"sourceSize":{"w":248,"h":234}},"Dort_BLUE0063":{"frame":{"x":1240,"y":234,"w":248,"h":234},"rotated":false,"trimmed":false,"spriteSourceSize":{"x":0,"y":0,"w":248,"h":234},"sourceSize":{"w":248,"h":234}},"Dort_BLUE0065":{"frame":{"x":1240,"y":468,"w":248,"h":234},"rotated":false,"trimmed":false,"spriteSourceSize":{"x":0,"y":0,"w":248,"h":234},"sourceSize":{"w":248,"h":234}},"Dort_BLUE0067":{"frame":{"x":1240,"y":702,"w":248,"h":234},"rotated":false,"trimmed":false,"spriteSourceSize":{"x":0,"y":0,"w":248,"h":234},"sourceSize":{"w":248,"h":234}},"Dort_BLUE0069":{"frame":{"x":1240,"y":936,"w":248,"h":234},"rotated":false,"trimmed":false,"spriteSourceSize":{"x":0,"y":0,"w":248,"h":234},"sourceSize":{"w":248,"h":234}}},"meta":{"app":"https://www.leshylabs.com/apps/sstool/","version":"Leshy SpriteSheet Tool v0.8.4","image":"sleep_blue.png","size":{"w":1488,"h":1404},"scale":1}}