{"frames":{"Arbre0_Blue.png":{"frame":{"x":652,"y":374,"w":162,"h":186},"rotated":false,"trimmed":false,"spriteSourceSize":{"x":0,"y":0,"w":162,"h":186},"sourceSize":{"w":162,"h":186}},"Arbre0_Red.png":{"frame":{"x":489,"y":187,"w":162,"h":186},"rotated":false,"trimmed":false,"spriteSourceSize":{"x":0,"y":0,"w":162,"h":186},"sourceSize":{"w":162,"h":186}},"Arbre1_Blue.png":{"frame":{"x":323,"y":526,"w":162,"h":186},"rotated":false,"trimmed":false,"spriteSourceSize":{"x":0,"y":0,"w":162,"h":186},"sourceSize":{"w":162,"h":186}},"Arbre1_Red.png":{"frame":{"x":652,"y":561,"w":162,"h":186},"rotated":false,"trimmed":false,"spriteSourceSize":{"x":0,"y":0,"w":162,"h":186},"sourceSize":{"w":162,"h":186}},"Arbre2_Blue.png":{"frame":{"x":652,"y":935,"w":162,"h":186},"rotated":false,"trimmed":false,"spriteSourceSize":{"x":0,"y":0,"w":162,"h":186},"sourceSize":{"w":162,"h":186}},"Arbre2_Red.png":{"frame":{"x":652,"y":748,"w":162,"h":186},"rotated":false,"trimmed":false,"spriteSourceSize":{"x":0,"y":0,"w":162,"h":186},"sourceSize":{"w":162,"h":186}},"Arbre3_Blue.png":{"frame":{"x":326,"y":187,"w":162,"h":186},"rotated":false,"trimmed":false,"spriteSourceSize":{"x":0,"y":0,"w":162,"h":186},"sourceSize":{"w":162,"h":186}},"Arbre3_Red.png":{"frame":{"x":0,"y":0,"w":162,"h":186},"rotated":false,"trimmed":false,"spriteSourceSize":{"x":0,"y":0,"w":162,"h":186},"sourceSize":{"w":162,"h":186}},"Arbre3_White.png":{"frame":{"x":326,"y":0,"w":162,"h":186},"rotated":false,"trimmed":false,"spriteSourceSize":{"x":0,"y":0,"w":162,"h":186},"sourceSize":{"w":162,"h":186}},"bubble.png":{"frame":{"x":0,"y":526,"w":322,"h":218},"rotated":false,"trimmed":false,"spriteSourceSize":{"x":0,"y":0,"w":322,"h":218},"sourceSize":{"w":322,"h":218}},"Devant.png":{"frame":{"x":0,"y":374,"w":392,"h":151},"rotated":false,"trimmed":false,"spriteSourceSize":{"x":0,"y":0,"w":392,"h":151},"sourceSize":{"w":392,"h":151}},"Dormant_Bleu.png":{"frame":{"x":0,"y":187,"w":162,"h":186},"rotated":false,"trimmed":false,"spriteSourceSize":{"x":0,"y":0,"w":162,"h":186},"sourceSize":{"w":162,"h":186}},"Dormant_Rouge.png":{"frame":{"x":163,"y":187,"w":162,"h":186},"rotated":false,"trimmed":false,"spriteSourceSize":{"x":0,"y":0,"w":162,"h":186},"sourceSize":{"w":162,"h":186}},"hud.png":{"frame":{"x":0,"y":745,"w":635,"h":412},"rotated":false,"trimmed":false,"spriteSourceSize":{"x":0,"y":0,"w":635,"h":412},"sourceSize":{"w":635,"h":412}},"Ombre.png":{"frame":{"x":652,"y":187,"w":162,"h":186},"rotated":false,"trimmed":false,"spriteSourceSize":{"x":0,"y":0,"w":162,"h":186},"sourceSize":{"w":162,"h":186}},"Particule.png":{"frame":{"x":323,"y":713,"w":25,"h":27},"rotated":false,"trimmed":false,"spriteSourceSize":{"x":0,"y":0,"w":25,"h":27},"sourceSize":{"w":25,"h":27}},"Sol_0.png":{"frame":{"x":489,"y":0,"w":162,"h":186},"rotated":false,"trimmed":false,"spriteSourceSize":{"x":0,"y":0,"w":162,"h":186},"sourceSize":{"w":162,"h":186}},"Sol_1.png":{"frame":{"x":652,"y":0,"w":162,"h":186},"rotated":false,"trimmed":false,"spriteSourceSize":{"x":0,"y":0,"w":162,"h":186},"sourceSize":{"w":162,"h":186}},"Sol_2.png":{"frame":{"x":486,"y":526,"w":162,"h":186},"rotated":false,"trimmed":false,"spriteSourceSize":{"x":0,"y":0,"w":162,"h":186},"sourceSize":{"w":162,"h":186}},"Sol_3.png":{"frame":{"x":163,"y":0,"w":162,"h":186},"rotated":false,"trimmed":false,"spriteSourceSize":{"x":0,"y":0,"w":162,"h":186},"sourceSize":{"w":162,"h":186}},"sunPoint.png":{"frame":{"x":393,"y":374,"w":56,"h":56},"rotated":false,"trimmed":false,"spriteSourceSize":{"x":0,"y":0,"w":56,"h":56},"sourceSize":{"w":56,"h":56}}},"meta":{"app":"https://www.leshylabs.com/apps/sstool/","version":"Leshy SpriteSheet Tool v0.8.4","image":"sprites.png","size":{"w":814,"h":1157},"scale":1}}